    participant_id,age_group,experience_level,session,round,grid_size,pattern_complexity,display_time_ms,completion_time,correct_cells,incorrect_cells,missed_cells,total_errors,accuracy,timestamp
P02,21-23,Intermediate,1,1,3,3,2000,2.981,3,0,0,0,100.0,2026-09-28 10:33:51
P02,21-23,Intermediate,1,2,3,4,2200,3.944,4,0,0,0,100.0,2026-09-28 10:33:59
P02,21-23,Intermediate,1,3,4,5,2500,3.652,5,0,0,0,100.0,2026-09-28 10:34:08
P02,21-23,Intermediate,1,4,4,6,2800,4.551,6,1,0,1,85.71,2026-09-28 10:34:17
P02,21-23,Intermediate,1,5,5,7,3200,5.707,7,0,0,0,100.0,2026-09-28 10:34:28
P02,21-23,Intermediate,1,1,3,3,2000,2.495,3,0,0,0,100.0,2026-09-28 10:35:55
P02,21-23,Intermediate,1,2,3,4,2200,3.224,4,0,0,0,100.0,2026-09-28 10:36:03
P02,21-23,Intermediate,1,3,4,5,2500,2.978,5,0,0,0,100.0,2026-09-28 10:36:11
P02,21-23,Intermediate,1,4,4,6,2800,4.692,6,1,0,1,85.71,2026-09-28 10:36:20
P02,21-23,Intermediate,1,5,5,7,3200,6.877,7,0,0,0,100.0,2026-09-28 10:36:33
P02,21-23,Beginner,1,1,3,3,2000,4.595,3,0,0,0,100.0,2026-09-29 13:38:16
P02,21-23,Beginner,1,2,3,4,2200,2.987,4,0,0,0,100.0,2026-09-29 13:38:24
P02,21-23,Beginner,1,3,4,5,2500,4.071,5,0,0,0,100.0,2026-09-29 13:38:33
P02,21-23,Beginner,1,4,4,6,2800,5.044,6,0,0,0,100.0,2026-09-29 13:38:43
P02,21-23,Beginner,1,5,5,7,3200,5.849,7,0,0,0,100.0,2026-09-29 13:38:54
PO1,21-23,Beginner,1,1,3,3,2000,3.142,3,0,0,0,100.0,2026-09-30 00:06:39
PO1,21-23,Beginner,1,2,3,4,2200,3.357,4,0,0,0,100.0,2026-09-30 00:06:47
PO1,21-23,Beginner,1,3,4,5,2500,3.891,5,0,0,0,100.0,2026-09-30 00:06:56
PO1,21-23,Beginner,1,4,4,6,2800,4.179,6,0,0,0,100.0,2026-09-30 00:07:06
PO1,21-23,Beginner,1,5,5,7,3200,4.247,7,0,0,0,100.0,2026-09-30 00:07:16
P04,18-20,Intermediate,1,1,3,3,2000,5.024,3,0,0,0,100.0,2026-10-02 12:56:05
P04,18-20,Intermediate,1,2,3,4,2200,3.049,4,0,0,0,100.0,2026-10-02 12:56:13
P04,18-20,Intermediate,1,3,4,5,2500,5.983,5,0,0,0,100.0,2026-10-02 12:56:24
P04,18-20,Intermediate,1,4,4,6,2800,4.561,6,0,0,0,100.0,2026-10-02 12:56:34
P04,18-20,Intermediate,1,5,5,7,3200,5.379,7,0,0,0,100.0,2026-10-02 12:56:45
P21,18-20,Intermediate,1,1,3,3,2000,4.211,3,0,0,0,100.0,2026-10-02 12:58:28
P21,18-20,Intermediate,1,2,3,4,2200,3.667,4,0,0,0,100.0,2026-10-02 12:58:36
P21,18-20,Intermediate,1,3,4,5,2500,6.218,5,0,0,0,100.0,2026-10-02 12:58:47
P21,18-20,Intermediate,1,4,4,6,2800,5.318,6,0,0,0,100.0,2026-10-02 12:58:58
P21,18-20,Intermediate,1,5,5,7,3200,6.961,7,0,0,0,100.0,2026-10-02 12:59:10
GABO,18-20,Beginner,1,1,3,3,2000,3.259,3,0,0,0,100.0,2026-10-02 13:29:29
GABO,18-20,Beginner,1,2,3,4,2200,3.869,4,0,0,0,100.0,2026-10-02 13:29:37
GABO,18-20,Beginner,1,3,4,5,2500,4.895,5,0,0,0,100.0,2026-10-02 13:29:47
GABO,18-20,Beginner,1,4,4,6,2800,5.726,6,0,0,0,100.0,2026-10-02 13:29:58
GABO,18-20,Beginner,1,5,5,7,3200,8.574,6,1,1,2,75.0,2026-10-02 13:30:12
P12,18-20,Beginner,1,1,3,3,2000,5.692,3,0,0,0,100.0,2026-10-02 13:31:34
P12,18-20,Beginner,1,2,3,4,2200,3.986,4,0,0,0,100.0,2026-10-02 13:31:43
P12,18-20,Beginner,1,3,4,5,2500,3.393,5,0,0,0,100.0,2026-10-02 13:31:51
P12,18-20,Beginner,1,4,4,6,2800,4.305,6,0,0,0,100.0,2026-10-02 13:32:00
P12,18-20,Beginner,1,5,5,7,3200,5.155,6,1,1,2,75.0,2026-10-02 13:32:11
ARC,18-20,Beginner,1,1,3,3,2000,3.82,3,0,0,0,100.0,2026-10-02 13:35:40
ARC,18-20,Beginner,1,2,3,4,2200,4.126,4,0,0,0,100.0,2026-10-02 13:35:49
ARC,18-20,Beginner,1,3,4,5,2500,5.838,5,0,0,0,100.0,2026-10-02 13:36:00
ARC,18-20,Beginner,1,4,4,6,2800,6.688,6,0,0,0,100.0,2026-10-02 13:36:11
ARC,18-20,Beginner,1,5,5,7,3200,7.048,7,0,0,0,100.0,2026-10-02 13:36:24
QWERTY,18-20,Advanced,1,1,3,3,2000,4.488,3,0,0,0,100.0,2026-10-02 13:37:49
QWERTY,18-20,Advanced,1,2,3,4,2200,4.485,4,0,0,0,100.0,2026-10-02 13:37:58
QWERTY,18-20,Advanced,1,3,4,5,2500,5.656,5,0,0,0,100.0,2026-10-02 13:38:08
QWERTY,18-20,Advanced,1,4,4,6,2800,8.372,6,0,0,0,100.0,2026-10-02 13:38:22
QWERTY,18-20,Advanced,1,5,5,7,3200,9.607,7,0,0,0,100.0,2026-10-02 13:38:37
CJ,18-20,Advanced,1,1,3,3,2000,4.706,3,0,0,0,100.0,2026-10-02 13:39:35
CJ,18-20,Advanced,1,2,3,4,2200,4.198,4,0,0,0,100.0,2026-10-02 13:39:44
CJ,18-20,Advanced,1,3,4,5,2500,5.948,5,0,0,0,100.0,2026-10-02 13:39:55
CJ,18-20,Advanced,1,4,4,6,2800,6.311,6,0,0,0,100.0,2026-10-02 13:40:06
CJ,18-20,Advanced,1,5,5,7,3200,7.054,7,0,0,0,100.0,2026-10-02 13:40:19
VEGA,18-20,Advanced,1,1,3,3,2000,4.517,3,0,0,0,100.0,2026-10-02 13:41:43
VEGA,18-20,Advanced,1,2,3,4,2200,4.26,4,0,0,0,100.0,2026-10-02 13:41:52
VEGA,18-20,Advanced,1,3,4,5,2500,7.038,5,0,0,0,100.0,2026-10-02 13:42:04
VEGA,18-20,Advanced,1,4,4,6,2800,5.385,6,0,0,0,100.0,2026-10-02 13:42:14
VEGA,18-20,Advanced,1,5,5,7,3200,8.644,7,0,0,0,100.0,2026-10-02 13:42:28

participant_id,age_group,experience_level,session,round,grid_size,pattern_complexity,display_time_ms,completion_time,correct_cells,incorrect_cells,missed_cells,total_errors,accuracy,timestamp
P01,21-23,Beginner,1,1,3,3,2000,3.142,3,0,0,0,100.0,2026-09-30 00:06:39
P01,21-23,Beginner,1,2,3,4,2200,3.357,4,0,0,0,100.0,2026-09-30 00:06:47
P01,21-23,Beginner,1,3,4,5,2500,3.891,5,0,0,0,100.0,2026-09-30 00:06:56
P01,21-23,Beginner,1,4,4,6,2800,4.179,6,0,0,0,100.0,2026-09-30 00:07:06
P01,21-23,Beginner,1,5,5,7,3200,4.247,7,0,0,0,100.0,2026-09-30 00:07:16
P02,21-23,Intermediate,1,1,3,3,2000,2.981,3,0,0,0,100.0,2026-09-28 10:33:51
P02,21-23,Intermediate,1,2,3,4,2200,3.944,4,0,0,0,100.0,2026-09-28 10:33:59
P02,21-23,Intermediate,1,3,4,5,2500,3.652,5,0,0,0,100.0,2026-09-28 10:34:08
P02,21-23,Intermediate,1,4,4,6,2800,4.551,6,1,0,1,85.71,2026-09-28 10:34:17
P02,21-23,Intermediate,1,5,5,7,3200,5.707,7,0,0,0,100.0,2026-09-28 10:34:28
P03,21-23,Advanced,1,1,3,3,2000,8.984,3,0,0,0,100.0,2026-10-01 22:17:43
P03,21-23,Advanced,1,2,3,4,2200,1.687,4,0,0,0,100.0,2026-10-01 22:17:49
P03,21-23,Advanced,1,3,4,5,2500,1.895,5,0,0,0,100.0,2026-10-01 22:17:56
P03,21-23,Advanced,1,4,4,6,2800,2.007,6,0,0,0,100.0,2026-10-01 22:18:03
P03,21-23,Advanced,1,5,5,7,3200,3.174,7,0,0,0,100.0,2026-10-01 22:18:12
P04,18-20,Intermediate,1,1,3,3,2000,5.024,3,0,0,0,100.0,2026-10-02 12:56:05
P04,18-20,Intermediate,1,2,3,4,2200,3.049,4,0,0,0,100.0,2026-10-02 12:56:13
P04,18-20,Intermediate,1,3,4,5,2500,5.983,5,0,0,0,100.0,2026-10-02 12:56:24
P04,18-20,Intermediate,1,4,4,6,2800,4.561,6,0,0,0,100.0,2026-10-02 12:56:34
P04,18-20,Intermediate,1,5,5,7,3200,5.379,7,0,0,0,100.0,2026-10-02 12:56:45
P11,21-23,Beginner,1,1,3,3,2000,1.657,3,0,0,0,100.0,2026-10-01 23:04:53
P11,21-23,Beginner,1,2,3,4,2200,1.699,4,0,0,0,100.0,2026-10-01 23:04:59
P11,21-23,Beginner,1,3,4,5,2500,2.179,5,0,0,0,100.0,2026-10-01 23:05:06
P11,21-23,Beginner,1,4,4,6,2800,2.493,6,0,0,0,100.0,2026-10-01 23:05:14
P11,21-23,Beginner,1,5,5,7,3200,2.925,7,0,0,0,100.0,2026-10-01 23:05:22
P21,18-20,Intermediate,1,1,3,3,2000,4.211,3,0,0,0,100.0,2026-10-02 12:58:28
P21,18-20,Intermediate,1,2,3,4,2200,3.667,4,0,0,0,100.0,2026-10-02 12:58:36
P21,18-20,Intermediate,1,3,4,5,2500,6.218,5,0,0,0,100.0,2026-10-02 12:58:47
P21,18-20,Intermediate,1,4,4,6,2800,5.318,6,0,0,0,100.0,2026-10-02 12:58:58
P21,18-20,Intermediate,1,5,5,7,3200,6.961,7,0,0,0,100.0,2026-10-02 12:59:10
WINXKIEE,21-23,Advanced,1,1,3,3,2000,2.893,3,0,0,0,100.0,2026-10-02 01:03:57
WINXKIEE,21-23,Advanced,1,2,3,4,2200,2.046,4,0,0,0,100.0,2026-10-02 01:04:04
WINXKIEE,21-23,Advanced,1,3,4,5,2500,2.867,5,0,0,0,100.0,2026-10-02 01:04:11
WINXKIEE,21-23,Advanced,1,4,4,6,2800,3.226,6,0,0,0,100.0,2026-10-02 01:04:20
WINXKIEE,21-23,Advanced,1,5,5,7,3200,5.822,7,0,0,0,100.0,2026-10-02 01:04:31
