participant_id,age_group,experience_level,session,round,grid_size,pattern_complexity,display_time_ms,completion_time,correct_cells,incorrect_cells,missed_cells,total_errors,accuracy,timestamp
P01,21-23,Beginner,1,1,3,3,2000,3.142,3,0,0,0,100.0,2026-09-30 00:06:39
P01,21-23,Beginner,1,2,3,4,2200,3.357,4,0,0,0,100.0,2026-09-30 00:06:47
P01,21-23,Beginner,1,3,4,5,2500,3.891,5,0,0,0,100.0,2026-09-30 00:06:56
P01,21-23,Beginner,1,4,4,6,2800,4.179,6,0,0,0,100.0,2026-09-30 00:07:06
P01,21-23,Beginner,1,5,5,7,3200,4.247,7,0,0,0,100.0,2026-09-30 00:07:16
P02,21-23,Beginner,1,1,3,3,2000,4.595,3,0,0,0,100.0,2026-09-29 13:38:16
P02,21-23,Beginner,1,2,3,4,2200,2.987,4,0,0,0,100.0,2026-09-29 13:38:24
P02,21-23,Beginner,1,3,4,5,2500,4.071,5,0,0,0,100.0,2026-09-29 13:38:33
P02,21-23,Beginner,1,4,4,6,2800,5.044,6,0,0,0,100.0,2026-09-29 13:38:43
P02,21-23,Beginner,1,5,5,7,3200,5.849,7,0,0,0,100.0,2026-09-29 13:38:54
P04,18-20,Intermediate,1,1,3,3,2000,5.024,3,0,0,0,100.0,2026-10-02 12:56:05
P04,18-20,Intermediate,1,2,3,4,2200,3.049,4,0,0,0,100.0,2026-10-02 12:56:13
P04,18-20,Intermediate,1,3,4,5,2500,5.983,5,0,0,0,100.0,2026-10-02 12:56:24
P04,18-20,Intermediate,1,4,4,6,2800,4.561,6,0,0,0,100.0,2026-10-02 12:56:34
P04,18-20,Intermediate,1,5,5,7,3200,5.379,7,0,0,0,100.0,2026-10-02 12:56:45
P05,18-20,Beginner,1,1,3,3,2000,3.259,3,0,0,0,100.0,2026-10-02 13:29:29
P05,18-20,Beginner,1,2,3,4,2200,3.869,4,0,0,0,100.0,2026-10-02 13:29:37
P05,18-20,Beginner,1,3,4,5,2500,4.895,5,0,0,0,100.0,2026-10-02 13:29:47
P05,18-20,Beginner,1,4,4,6,2800,5.726,6,0,0,0,100.0,2026-10-02 13:29:58
P05,18-20,Beginner,1,5,5,7,3200,8.574,6,1,1,2,75.0,2026-10-02 13:30:12
P06,18-20,Beginner,1,1,3,3,2000,5.692,3,0,0,0,100.0,2026-10-02 13:31:34
P06,18-20,Beginner,1,2,3,4,2200,3.986,4,0,0,0,100.0,2026-10-02 13:31:43
P06,18-20,Beginner,1,3,4,5,2500,3.393,5,0,0,0,100.0,2026-10-02 13:31:51
P06,18-20,Beginner,1,4,4,6,2800,4.305,6,0,0,0,100.0,2026-10-02 13:32:00
P06,18-20,Beginner,1,5,5,7,3200,5.155,6,1,1,2,75.0,2026-10-02 13:32:11
P07,18-20,Beginner,1,1,3,3,2000,3.82,3,0,0,0,100.0,2026-10-02 13:35:40
P07,18-20,Beginner,1,2,3,4,2200,4.126,4,0,0,0,100.0,2026-10-02 13:35:49
P07,18-20,Beginner,1,3,4,5,2500,5.838,5,0,0,0,100.0,2026-10-02 13:36:00
P07,18-20,Beginner,1,4,4,6,2800,6.688,6,0,0,0,100.0,2026-10-02 13:36:11
P07,18-20,Beginner,1,5,5,7,3200,7.048,7,0,0,0,100.0,2026-10-02 13:36:24
P08,18-20,Intermediate,1,1,3,3,2000,4.211,3,0,0,0,100.0,2026-10-02 12:58:28
P08,18-20,Intermediate,1,2,3,4,2200,3.667,4,0,0,0,100.0,2026-10-02 12:58:36
P08,18-20,Intermediate,1,3,4,5,2500,6.218,5,0,0,0,100.0,2026-10-02 12:58:47
P08,18-20,Intermediate,1,4,4,6,2800,5.318,6,0,0,0,100.0,2026-10-02 12:58:58
P08,18-20,Intermediate,1,5,5,7,3200,6.961,7,0,0,0,100.0,2026-10-02 12:59:10
P09,18-20,Advanced,1,1,3,3,2000,4.488,3,0,0,0,100.0,2026-10-02 13:37:49
P09,18-20,Advanced,1,2,3,4,2200,4.485,4,0,0,0,100.0,2026-10-02 13:37:58
P09,18-20,Advanced,1,3,4,5,2500,5.656,5,0,0,0,100.0,2026-10-02 13:38:08
P09,18-20,Advanced,1,4,4,6,2800,8.372,6,0,0,0,100.0,2026-10-02 13:38:22
P09,18-20,Advanced,1,5,5,7,3200,9.607,7,0,0,0,100.0,2026-10-02 13:38:37
P10,18-20,Advanced,1,1,3,3,2000,4.706,3,0,0,0,100.0,2026-10-02 13:39:35
P10,18-20,Advanced,1,2,3,4,2200,4.198,4,0,0,0,100.0,2026-10-02 13:39:44
P10,18-20,Advanced,1,3,4,5,2500,5.948,5,0,0,0,100.0,2026-10-02 13:39:55
P10,18-20,Advanced,1,4,4,6,2800,6.311,6,0,0,0,100.0,2026-10-02 13:40:06
P10,18-20,Advanced,1,5,5,7,3200,7.054,7,0,0,0,100.0,2026-10-02 13:40:19
